Rainfall,Predicted_Orders
0,247.62654398854247
1,247.62654398854247
2,265.5989064022132
3,276.88477278439535
4,277.49243136032
5,274.70127416659926
6,278.2427473756646
7,283.49365385855066
8,311.27738724489603
9,301.6388101894245
10,299.7392735828267
11,299.7392735828267
12,299.7392735828267
13,299.7392735828267
14,299.7392735828267
15,299.7392735828267
16,299.7392735828267
17,299.7392735828267
18,299.7392735828267
19,299.7392735828267
20,299.7392735828267
